Name,Surname,Phone
Ash,Kirsch,140-834-6872
Gennifer,Roggieri,138-320-4773
Dyann,Mackro,641-193-1638
Cece,Mouncey,194-981-5813
Locke,Kalderon,282-556-5867
Keely,Bourtoumieux,262-132-6029
Leif,Lovel,740-842-3645
Wait,Norcott,662-705-1463
Hubie,Lode,379-595-1310
Gustav,Pero,677-137-1691
Kikelia,Mowle,570-730-2502
Wayland,Aspital,422-647-0534
Merrilee,Dorton,967-993-9052
Jeth,Tace,783-363-1160
Evyn,Putton,339-629-3590
Myles,Slamaker,243-972-6891
Roberto,MacIlhargy,287-177-8084
Elena,Hacker,102-259-0872
Sara,Blakeman,243-686-9202
Byran,Alkins,824-263-1252
